name,episodes,link
"Joshikousei no Koshitsuki Tập 1",1,"https://video.twimg.com/amplify_video/1982765412182851584/pl/g65Fn1MDm2fIFXP-.m3u8"
"Hitozuma Life: One Time Gal Tập 2",1,"https://video.twimg.com/amplify_video/1982766906697228288/pl/5AMzfxK_ktO-jSCa.m3u8"
"Maid Kyouiku: Botsuraku Kizoku Rurikawa Tsubaki The Animation Tập 1",1,"https://video.twimg.com/amplify_video/1982763449269538816/pl/kYDVz_y9rE8QpRBp.m3u8"
"Futei with The Animation Tập 1",1,"https://video.twimg.com/amplify_video/1982762656764182528/pl/wHTfbrlaCD6M_U5p.m3u8"
"Baka Dakedo Chinchin Shaburu no dake wa Jouzu na Chii-chan Tập 2",1,"https://video.twimg.com/amplify_video/1982765415680913408/pl/y5MaVw69AdUnp7cq.m3u8"
"Genkaku Cool na Sensei ga Aheboteochi! Tập 1",1,"https://video.twimg.com/amplify_video/1982760915989651456/pl/ZU9IuwgaBJH4rkQ5.m3u8"
"Yuutousei Ayaka no Uraomote Tập 2",1,"https://video.twimg.com/amplify_video/1982771452404236288/pl/pa_qccTcuA5LkQwv.m3u8"
"Joshi Luck! Tập 5",1,"https://video.twimg.com/amplify_video/1982762546684702720/pl/OPI1spxc40gsKPCD.m3u8"
"Joshikousei no Koshitsuki Tập 3",1,"https://video.twimg.com/amplify_video/1982764827568119808/pl/21B5L-Cz4h6PsvTe.m3u8"
"Ryou Seibai!: Gakuen Bishoujo Seisai Hiroku Tập 1",1,"https://video.twimg.com/amplify_video/1982767663978852352/pl/jLrzg1QRPsFAInAG.m3u8"
"Joshikousei no Koshitsuki Tập 6",1,"https://video.twimg.com/amplify_video/1982763651489476608/pl/wBePorXtyODd7vsg.m3u8"
"Baka Dakedo Chinchin Shaburu no dake wa Jouzu na Chii-chan Tập 1",1,"https://video.twimg.com/amplify_video/1982766905921265664/pl/LvzGT0NamKaLm9pE.m3u8"
"Fella Pure: Mitarashi-san Chi no Jijou The Animation Tập 1",1,"https://video.twimg.com/amplify_video/1982767656357777408/pl/Jqi8HzfAr-_ZHXym.m3u8"
"Fushigi no Kuni no Succubus Tập 1",1,"https://video.twimg.com/amplify_video/1982763571185434624/pl/y_QZtSLxwgnsrVSy.m3u8"
"Ryou Seibai!: Gakuen Bishoujo Seisai Hiroku Tập 2",1,"https://video.twimg.com/amplify_video/1982768432220106752/pl/vxST5oZXdBh8RDTE.m3u8"
"Kimi wa Yasashiku Netorareru The Animation Tập 3",1,"https://video.twimg.com/amplify_video/1982766905959063552/pl/6ND6wDhMjL769zT1.m3u8"
"Joshikousei no Koshitsuki Tập 4",1,"https://video.twimg.com/amplify_video/1982764475460567040/pl/azGwrYDoMN7PS7ZT.m3u8"
"Oppai Gakuen Marching Band-bu! Tập 1",1,"https://video.twimg.com/amplify_video/1982770822834954240/pl/02LH-NfoHb8nbzU6.m3u8"
"Chikan Shita Joshisei to Sonogo, Musabori Au Youna Doero Junai Tập 1",1,"https://video.twimg.com/amplify_video/1982762426865950720/pl/F6rpTY-jHXEhahey.m3u8"
"Genkaku Cool na Sensei ga Aheboteochi! Tập 2",1,"https://video.twimg.com/amplify_video/1982760892203671552/pl/Esu1LOIjxFGtSWop.m3u8"
"Kotowari: Kimi no Kokoro no Koboreta Kakera Tập 1",1,"https://video.twimg.com/amplify_video/1982769048438865921/pl/B8CliP4JMKXZKooD.m3u8"
"Ecchi na Onee-chan ni Shiboraretai Tập 2",1,"https://video.twimg.com/amplify_video/1982769202130731008/pl/GbVhcpH0w55RcGBg.m3u8"
"Kotowari: Kimi no Kokoro no Koboreta Kakera Tập 2",1,"https://video.twimg.com/amplify_video/1982768478869229568/pl/b9zcuDPqUyt_BqQG.m3u8"
"Joshikousei no Koshitsuki Tập 5",1,"https://video.twimg.com/amplify_video/1982764402534174720/pl/Hgzs2L5fIskY07tN.m3u8"
"Kuro Ai Hitoyozumakan Inkou Rannyuuroku Tập 1",1,"https://video.twimg.com/amplify_video/1982780329438965760/pl/cVeiyhr1NJ5kFC7V.m3u8"
"Sakusei Byoutou The Animation Tập 5",1,"https://video.twimg.com/amplify_video/1982781318887821312/pl/qldJgOhURFs7EA1b.m3u8"
"Yarichin Kateikyoushi Netori Houkoku Tập 2",1,"https://video.twimg.com/amplify_video/1982777151884754945/pl/EVRh13TN_zQUPlWX.m3u8"
"Ikkyuu Nyuukon Tập 2",1,"https://video.twimg.com/amplify_video/1982772894372597760/pl/C69AaR1p87cFR35F.m3u8"
"Kyonyuu Daikazoku Saimin Tập 1",1,"https://video.twimg.com/amplify_video/1982775628060585984/pl/qJYKkpPbMzD7aWIc.m3u8"
"JK Fuuzoku Gakuensai Tập 1",1,"https://video.twimg.com/amplify_video/1982776664062128129/pl/EYmgUmBbOczo6w9j.m3u8"
"Kutsujoku 2 The Animation Tập 2",1,""
"Aku no Onna Kanbu: Full Moon Night Tập 1",1,"https://video.twimg.com/amplify_video/1982776650405408768/pl/6MWST_FvFB1frP83.m3u8"
"Sakusei Byoutou The Animation Tập 4",1,"https://video.twimg.com/amplify_video/1982781907587702784/pl/vEKLsjZVOxNugepe.m3u8"
"Kyonyuu Daikazoku Saimin Tập 2",1,"https://video.twimg.com/amplify_video/1982775628773392384/pl/1VfPWZclPQnuftVd.m3u8"
"Kansen: Inyoku no Rensa Tập 2",1,"https://video.twimg.com/amplify_video/1982776711088689152/pl/tMVEebxuFGMXus31.m3u8"
"Kansen: Inyoku no Rensa Tập 1",1,"https://video.twimg.com/amplify_video/1982777116874903552/pl/4L0mY3X3LsIhzVY_.m3u8"
"Zettai Junshu Kyousei Kozukuri Kyokashou!! Tập 1",1,"https://video.twimg.com/amplify_video/1982774291952209920/pl/wjVcPKyb2Yz6CcEC.m3u8"
"Saimin Gakuen (2018) Tập 4",1,"https://video.twimg.com/amplify_video/1982780330659467264/pl/FdjlfGvTzJoulAfq.m3u8"
"Kokuhaku…… Tập 1",1,"https://video.twimg.com/amplify_video/1982774395840917504/pl/dtAz8qLNFSeexnA9.m3u8"
"Bonyuu-chan wa Dashitai. Tập 3",1,"https://video.twimg.com/amplify_video/1982778886837694464/pl/uRUruygqehL0ez8C.m3u8"
"Hajimete no Hitozuma Tập 5",1,"https://video.twimg.com/amplify_video/1982767658853425152/pl/ynxH2FfdJGJ8OOu4.m3u8"
"Sei Yariman Gakuen Enkou Nikki The Animation Tập 1",1,"https://video.twimg.com/amplify_video/1982775627741609984/pl/P5rKoG3HG7IRaoWZ.m3u8"
"Saimin Gakuen (2018) Tập 2",1,"https://video.twimg.com/amplify_video/1982781055099678720/pl/gdVng0gsDO-CnrV9.m3u8"
"Joshi Luck! Tập 4",1,"https://video.twimg.com/amplify_video/1982780329925431296/pl/x1Y8x8Z1gCl53Qky.m3u8"
"Soshite Watashi wa Sensei ni Tập 4",1,"https://video.twimg.com/amplify_video/1982774562078044160/pl/0-UtNjTrjsEm1-lm.m3u8"
"Joshi Luck! Tập 3",1,"https://video.twimg.com/amplify_video/1982780330311385088/pl/5TdDF-jenqBP1x4-.m3u8"
"Ikkyuu Nyuukon Tập 3",1,"https://video.twimg.com/amplify_video/1982773270706294784/pl/684AFEl9zlFh2ZWR.m3u8"
"Zettai Junshu Kyousei Kozukuri Kyokashou!! Tập 2",1,"https://video.twimg.com/amplify_video/1982773448083488768/pl/3gO-_xG7JX-kn4mK.m3u8"
"Ikkyuu Nyuukon Tập 4",1,"https://video.twimg.com/amplify_video/1982772387373281280/pl/JxZFKwfwFkoyNeoZ.m3u8"
"Kuro Ai Hitoyozumakan Inkou Rannyuuroku Tập 2",1,"https://video.twimg.com/amplify_video/1982774820224806912/pl/unR_T98BQ-tI7Dom.m3u8"
"Saimin Gakuen (2018) Tập 1",1,"https://video.twimg.com/amplify_video/1982781130542620672/pl/1VTpCnTV8yoaauFg.m3u8"
"Saimin Gakuen (2018) Tập 3",1,"https://video.twimg.com/amplify_video/1982781038716731392/pl/AVB76oJP-ncK2Tm_.m3u8"
"JK Fuuzoku Gakuensai Tập 2",1,"https://video.twimg.com/amplify_video/1982775753734590464/pl/CsX6BWZoWdHRy_ii.m3u8"
"Ikkyuu Nyuukon Tập 1",1,"https://video.twimg.com/amplify_video/1982773999038873600/pl/_kTT4jp1XhBSdi82.m3u8"
"Gibomai Tập 2",1,"https://video.twimg.com/amplify_video/1982778109821931520/pl/ghShD8Nv0JEb2Xz6.m3u8"
"Bonyuu-chan wa Dashitai. Tập 4",1,"https://video.twimg.com/amplify_video/1982778641210867712/pl/EXiXAZw1XRPpiMc4.m3u8"
"Yareruko! Densha Ecchi Tập 2",1,"https://video.twimg.com/amplify_video/1982784934067499008/pl/ORyI2j2P8We8BLpD.m3u8"
"Honoo no Haramase Oppai: Ero Appli Gakuen The Animation Tập 2",1,"https://video.twimg.com/amplify_video/1982989344005566464/pl/2Bswk8xe4yzPuDhH.m3u8"
"Ano Danchi no Tsuma-tachi wa The Animation Tập 2",1,"https://video.twimg.com/amplify_video/1982777638398902272/pl/VPXOj-ztY9trj0sR.m3u8"
"Meikoku Gakuen: Jutai-hen Tập 2",1,"https://video.twimg.com/amplify_video/1982992870945779712/pl/phll0CEV4CSf4atb.m3u8"
"Mesudachi The Animation Tập 1",1,"https://video.twimg.com/amplify_video/1982784708783083520/pl/ovoIFEI65T-0LEOy.m3u8"
"Yareruko! Densha Ecchi Tập 1",1,"https://video.twimg.com/amplify_video/1982785024693805056/pl/fjUkjIo5Jr3sBG5o.m3u8"
"JK Bitch ni Shiboraretai Tập 2",1,"https://video.twimg.com/amplify_video/1982999326528811008/pl/zm7Kdgmkbuso-F2i.m3u8"
"Kutsujoku Tập 1",1,"https://video.twimg.com/amplify_video/1982783040939335680/pl/Q3L2bsujLiywvsGE.m3u8"
"Kimi wa Yasashiku Netorareru The Animation Tập 1",1,"https://video.twimg.com/amplify_video/1982989343347113984/pl/5XV_hD2bcgYd9U2_.m3u8"
"Ano Danchi no Tsuma-tachi wa The Animation Tập 1",1,"https://video.twimg.com/amplify_video/1982777765607940096/pl/sopVzj3LIapH-11J.m3u8"
"Shikijou Kyoudan Tập 2",1,"https://video.twimg.com/amplify_video/1982997942773403648/pl/DL2zvCz-u9rY2SDz.m3u8"
"Kutsujoku Tập 2",1,"https://video.twimg.com/amplify_video/1982783041442562048/pl/Rz4z1C66fUwnut5n.m3u8"
"Love Selection The Animation Tập 1",1,"https://video.twimg.com/amplify_video/1982992619287326720/pl/ZwFJ1RPoQk9Sgad3.m3u8"
"Honoo no Haramase Oppai: Ero Appli Gakuen The Animation Tập 1",1,"https://video.twimg.com/amplify_video/1982989344429182976/pl/5XvO5wzhh8EW_obM.m3u8"
"Kutsujoku 2 The Animation Tập 1",1,"https://video.twimg.com/amplify_video/1982783041132175360/pl/Qo0rou9Y-TQUQ1yz.m3u8"
"Ijirare: Fukushuu Saimin Tập 4",1,"https://video.twimg.com/amplify_video/1983003603162828800/pl/ygMJHI2uTCdoKwiA.m3u8"
"Mama Katsu: Midareru Mama-tachi no Himitsu Tập 2",1,"https://video.twimg.com/amplify_video/1982786188743225344/pl/2TuIlX1z3Ein7MpV.m3u8"
"Oshaburi Announcer Tập 1",1,"https://video.twimg.com/amplify_video/1982989343649140736/pl/huHjmMOHvJGInwne.m3u8"
"Gibomai Tập 1",1,"https://video.twimg.com/amplify_video/1982778211579924480/pl/joIwuEoA0PaI_K4Q.m3u8"
"Shikijou Kyoudan Tập 1",1,"https://video.twimg.com/amplify_video/1982998719525187584/pl/vh08O13EVJQR4919.m3u8"
"Love Selection The Animation Tập 2",1,"https://video.twimg.com/amplify_video/1982991887977066498/pl/QmnxM-Xe8_A_5RgF.m3u8"
"Otogibanashi no Onigokko Tập 2",1,"https://video.twimg.com/amplify_video/1982991885489614848/pl/ynNX-jEho2KdnxxH.m3u8"
"Goblin no Suana Tập 1",1,"https://video.twimg.com/amplify_video/1982990833746853888/pl/_4jFpLattx7_OSeL.m3u8"
"JK Bitch ni Shiboraretai Tập 1",1,"https://video.twimg.com/amplify_video/1982999610458071040/pl/MAMSZSSFwYMQDXqd.m3u8"
"Ijirare: Fukushuu Saimin Tập 3",1,"https://video.twimg.com/amplify_video/1983003603309588480/pl/5_gSNg8iUyrFNdA1.m3u8"
"Kimi wa Yasashiku Netorareru The Animation Tập 2",1,"https://video.twimg.com/amplify_video/1982786188885794816/pl/PILGdUpd4S8TXxEF.m3u8"
"Mesudachi The Animation Tập 2",1,"https://video.twimg.com/amplify_video/1982784366125133824/pl/bQTKr0Xkn_sA0z1f.m3u8"
"Yarichin Kateikyoushi Netori Houkoku Tập 1",1,"https://video.twimg.com/amplify_video/1982777598209130496/pl/4MR-mCVnHQryQfks.m3u8"
"Idol Sister Tập 1",1,"https://video.twimg.com/amplify_video/1983006651947851776/pl/GKLIfnMu63RDwa4R.m3u8"
"Majuu Jouka Shoujo Utea Tập 3",1,"https://video.twimg.com/amplify_video/1983009496516395008/pl/V6_6vvvlbqIKFg_F.m3u8"
"Muttsuri Dosukebe Tsuyu Gibo Shimai no Honshitsu Minuite Sex Sanmai Tập 1",1,"https://video.twimg.com/amplify_video/1983007872515457024/pl/dbjkUMwS3ZO42btE.m3u8"
"Majuu Jouka Shoujo Utea Tập 2",1,"https://video.twimg.com/amplify_video/1983009854496124928/pl/EL6N0G0tzEq-XSci.m3u8"
"Ijirare: Fukushuu Saimin Tập 1",1,"https://video.twimg.com/amplify_video/1983003604148449280/pl/myw6qwIlMPs27VIq.m3u8"
"Kanojo wa Dare to demo Sex Suru. Tập 2",1,"https://video.twimg.com/amplify_video/1982996617268768768/pl/Rc7mb2BpMd2okNvx.m3u8"
"Tsugunai Tập 3",1,""
"Tsuma ga Kirei ni Natta Wake Tập 2",1,"https://video.twimg.com/amplify_video/1983004310196674560/pl/lPawwrRszmv1QurT.m3u8"
"Imouto to Sono Yuujin ga Ero Sugite Ore no Kokan ga Yabai Tập 1",1,"https://video.twimg.com/amplify_video/1982999710919999488/pl/3ofuViwV_LCsj0Jr.m3u8"
"Lovely x Cation The Animation Tập 1",1,"https://video.twimg.com/amplify_video/1983008688261492736/pl/4iwzKh4L2ov8rQFs.m3u8"
"Ore ga Kanojo wo Okasu Wake Tập 6",1,"https://video.twimg.com/amplify_video/1983006377510379520/pl/Tshqszkyq4kXHlPo.m3u8"
"Class de Otoko wa Boku Hitori Tập 1",1,"https://video.twimg.com/amplify_video/1983006123335790594/pl/xVEA17Hq7U4by2ue.m3u8"
"Ore ga Kanojo wo Okasu Wake Tập 2",1,"https://video.twimg.com/amplify_video/1983007830106869760/pl/mmtl9iyemJfkf3_5.m3u8"
"Ore ga Kanojo wo Okasu Wake Tập 4",1,"https://video.twimg.com/amplify_video/1983007064193470464/pl/qvNDqNMEB57BD2SI.m3u8"
"Tsuma ga Kirei ni Natta Wake Tập 1",1,"https://video.twimg.com/amplify_video/1983004444968030208/pl/etFFBO44iv9CzP9S.m3u8"
"Ore ga Kanojo wo Okasu Wake Tập 3",1,"https://video.twimg.com/amplify_video/1983007145994997760/pl/OkIvY9t_-j2JKnIn.m3u8"
"Kimi Omou Koi Tập 2",1,"https://video.twimg.com/amplify_video/1982994444786995200/pl/bPyM8H_YbuYDl-Qg.m3u8"
"Ore ga Kanojo wo Okasu Wake Tập 1",1,"https://video.twimg.com/amplify_video/1983007833709801472/pl/mK_V2A1DecrQJQuA.m3u8"
"Ijirare: Fukushuu Saimin Tập 2",1,"https://video.twimg.com/amplify_video/1983003603729088512/pl/E0xkwHAhu5Rni5Ua.m3u8"
"Meikoku Gakuen: Jutai-hen Tập 1",1,"https://video.twimg.com/amplify_video/1982993534241402880/pl/KNziNOMPHDm6wBNY.m3u8"
"Ore ga Kanojo wo Okasu Wake Tập 5",1,"https://video.twimg.com/amplify_video/1983007119214268416/pl/mdZETqs8MZhNkfmO.m3u8"
"Majuu Jouka Shoujo Utea Tập 1",1,"https://video.twimg.com/amplify_video/1983009927481159680/pl/cuF7a-p9iI46WUel.m3u8"
"Kimi Omou Koi Tập 1",1,"https://video.twimg.com/amplify_video/1982994758181203968/pl/245pfFjdqvb-Bilq.m3u8"
"Muttsuri Dosukebe Tsuyu Gibo Shimai no Honshitsu Minuite Sex Sanmai Tập 2",1,"https://video.twimg.com/amplify_video/1983007869965406208/pl/nQPIydOoF9XNsrPH.m3u8"
"Bonyuu-chan wa Dashitai. Tập 2",1,"https://video.twimg.com/amplify_video/1983004674102788096/pl/TgrOEECikLaWUP1U.m3u8"
"Imouto to Sono Yuujin ga Ero Sugite Ore no Kokan ga Yabai Tập 2",1,"https://video.twimg.com/amplify_video/1982995660002709504/pl/9Zc1gSoxCet6r_eZ.m3u8"
"Lovely x Cation The Animation Tập 2",1,"https://video.twimg.com/amplify_video/1983008641713119232/pl/rF7YqtlCzMSseR-7.m3u8"
"Bonyuu-chan wa Dashitai. Tập 1",1,"https://video.twimg.com/amplify_video/1983006098631409664/pl/A8eE8GZ3MDBI8ngx.m3u8"
"Majuu Jouka Shoujo Utea Tập 4",1,"https://video.twimg.com/amplify_video/1983008710394880000/pl/3jslvoN7AMumxMzE.m3u8"
"Kanojo wa Dare to demo Sex Suru. Tập 1",1,"https://video.twimg.com/amplify_video/1982997485326045184/pl/rKqFROGpYVZsa2VP.m3u8"
"Zoku Tsuma Netori Ikumi to Shizuka Tập 1",1,"https://video.twimg.com/amplify_video/1983015627863236608/pl/X4efYB7h1bDo9VBG.m3u8"
"Tenioha!: Onnanoko datte Honto wa Ecchi da yo? Tập 2",1,"https://video.twimg.com/amplify_video/1983010685740093440/pl/Y5VSbVZ1wVD4XC29.m3u8"
"Tenioha!: Onnanoko datte Honto wa Ecchi da yo? Tập 1",1,"https://video.twimg.com/amplify_video/1983010957086408704/pl/E9IiMnjMbzVIkJhd.m3u8"
"Chu Shite Agechau Tập 2",1,"https://video.twimg.com/amplify_video/1983012736255528960/pl/mBtyq63VZXnoKYpj.m3u8"
"Otogibanashi no Onigokko Tập 1",1,"https://video.twimg.com/amplify_video/1983019946553593856/pl/VOra1ZgL9WLn66_9.m3u8"
"Imouto Paradise! 2 Tập 1",1,"https://video.twimg.com/amplify_video/1983011626639831040/pl/EGgrERHGnXUug1GX.m3u8"
"Tenioha! 2: Limit Over &#8211; Mada Mada Ippai, Ecchi Shiyo? The Animation Tập 1",1,"https://video.twimg.com/amplify_video/1983010658439315456/pl/J46EVW4bBkwzmMsT.m3u8"
"Boku ni Sefure ga Dekita Riyuu Tập 6",1,"https://video.twimg.com/amplify_video/1983023531567808512/pl/bUrP7YmcJB7WNABD.m3u8"
"Ikusa Otome Suvia Tập 3",1,""
"Hajimete no Hitozuma Tập 2",1,"https://video.twimg.com/amplify_video/1983029478596194304/pl/vUJnMGoLcphNWPSi.m3u8"
"Chu Shite Agechau Tập 1",1,"https://video.twimg.com/amplify_video/1983013239748169728/pl/yJ53gyiIa0i7XqOU.m3u8"
"Imouto Paradise! 2 Tập 2",1,"https://video.twimg.com/amplify_video/1983011334703747073/pl/F_cpUc3Mq_3dZp70.m3u8"
"Soshite Watashi wa Sensei ni Tập 3",1,"https://video.twimg.com/amplify_video/1983008712584253440/pl/eL1IF4GTTBqBw7Ip.m3u8"
"Hatsu Inu 2 The Animation Tập 2",1,"https://video.twimg.com/amplify_video/1983011755446992896/pl/ZJRT4LRIz4NOKsRk.m3u8"
"Tsuma Netori 3 Kairaku ni Ochita Injiru Kyoushi-tachi Tập 1",1,"https://video.twimg.com/amplify_video/1983014229247479808/pl/H2S0eqAq1g2GSh0g.m3u8"
"Ikusa Otome Suvia Tập 4",1,"https://video.twimg.com/amplify_video/1983016281944084481/pl/3Hh6mTis4Xfzlw2f.m3u8"
"Hajimete no Hitozuma Tập 3",1,"https://video.twimg.com/amplify_video/1983029376070348800/pl/a5Z7Z9eeeQb7x4is.m3u8"
"Tenioha! 2: Nee, Motto Ecchi na Koto Ippai Shiyo? The Animation Tập 1",1,"https://video.twimg.com/amplify_video/1983010712738840576/pl/XbXBWXHzOCXPzpD_.m3u8"
"Hatsu Inu 2 The Animation Tập 1",1,"https://video.twimg.com/amplify_video/1983011790612021248/pl/JkiLQMxE8TONDQTD.m3u8"
"3 Piece The Animation Tập 1",1,"https://video.twimg.com/amplify_video/1983020201328492544/pl/8c73raY6BzTYu23C.m3u8"
"Summer: Inaka no Seikatsu Tập 1",1,"https://video.twimg.com/amplify_video/1983010217030799360/pl/0wyMv00XkkdwH63O.m3u8"
"Ikusa Otome Suvia Tập 1",1,"https://video.twimg.com/amplify_video/1983019729402167296/pl/H18q2I5SrdygkwDK.m3u8"
"Hatsu Inu The Animation Tập 1",1,"https://video.twimg.com/amplify_video/1983012178002104320/pl/OVHsYnNlJx8km12g.m3u8"
"Joshi Luck! Tập 1",1,"https://video.twimg.com/amplify_video/1983014149933166592/pl/QN_XamA9TG8WDLRK.m3u8"
"Summer: Inaka no Seikatsu Tập 2",1,"https://video.twimg.com/amplify_video/1983009974709010432/pl/nKSSAcWjz-XRThKx.m3u8"
"Joshi Luck! Tập 2",1,"https://video.twimg.com/amplify_video/1983012837409861632/pl/UwmEIRW3r76dEp0U.m3u8"
"Ikusa Otome Suvia Tập 2",1,"https://video.twimg.com/amplify_video/1983019867230830592/pl/arGZIOiXz7PIdBfQ.m3u8"
"Tsuma Netori: Ryoujoku Rinne Tập 1",1,"https://video.twimg.com/amplify_video/1983015686155739136/pl/4d2IWJW2WvuqSQF0.m3u8"
"Hatsu Inu The Animation Tập 2",1,"https://video.twimg.com/amplify_video/1983011877698342912/pl/j-dWDCLEdk0l51uH.m3u8"
"Hajimete no Hitozuma Tập 4",1,"https://video.twimg.com/amplify_video/1983028460630253568/pl/18DILDSmNTBvV6Se.m3u8"
"Katainaka ni Totsui de Kita Russia Musume to H Shimakuru Ohanashi Tập 3",1,"https://video.twimg.com/amplify_video/1983054122141065216/pl/-Nqqsd4aXoQc0PDB.m3u8"
"Chizuru-chan Kaihatsu Nikki Tập 2",1,"https://video.twimg.com/amplify_video/1983033412026814464/pl/qQtv_rarAqN0pfXe.m3u8"
"Oide yo! Mizuryuu Kei Land Tập 1",1,"https://video.twimg.com/amplify_video/1983055382101499904/pl/1GkLdFJ3FQBZ7th_.m3u8"
"Chizuru-chan Kaihatsu Nikki Tập 1",1,"https://video.twimg.com/amplify_video/1983034539057504256/pl/YBemhLD3JqMn67np.m3u8"
"Katainaka ni Totsui de Kita Russia Musume to H Shimakuru Ohanashi Tập 1",1,"https://video.twimg.com/amplify_video/1983055329366618112/pl/DOkRP9_LX0AbMY62.m3u8"
"Imouto Bitch ni Shiboraretai Tập 1",1,"https://video.twimg.com/amplify_video/1983027618799661057/pl/BwA_MpjkdzYNn0_O.m3u8"
"Boku ni Sefure ga Dekita Riyuu Tập 5",1,"https://video.twimg.com/amplify_video/1983024673341239296/pl/FOVCGWEekmvOw26w.m3u8"
"Okusama wa Moto Yariman Tập 1",1,"https://video.twimg.com/amplify_video/1983048088882216960/pl/iIoDdUMUruLe9vTZ.m3u8"
"Jashin Shoukan: Inran Kyonyuu Oyako Ikenie Gishiki Tập 2",1,"https://video.twimg.com/amplify_video/1983045886352510976/pl/WxSDPc0-Cb3K_sjH.m3u8"
"Imouto wa Gal Kawaii Tập 1",1,"https://video.twimg.com/amplify_video/1983024917747843072/pl/oxmspVWWDryr-ybh.m3u8"
"Hime-sama Love Life! Tập 4",1,"https://video.twimg.com/amplify_video/1983050338388041728/pl/lXbjl4oZB6nc4OPx.m3u8"
"Mama Katsu: Midareru Mama-tachi no Himitsu Tập 1",1,"https://video.twimg.com/amplify_video/1983045886792826880/pl/ammrQkF8zpgRPqpZ.m3u8"
"Okusama wa Moto Yariman Tập 2",1,"https://video.twimg.com/amplify_video/1983047577516814336/pl/CrOMollBenmvHusR.m3u8"
"Jashin Shoukan: Inran Kyonyuu Oyako Ikenie Gishiki Tập 1",1,""
"Chizuru-chan Kaihatsu Nikki Tập 5",1,"https://video.twimg.com/amplify_video/1983031787967193088/pl/KyrlikS77gnlzpir.m3u8"
"Hajimete no Hitozuma Tập 1",1,"https://video.twimg.com/amplify_video/1983030452270321665/pl/EatRk5wYLGgJYUBS.m3u8"
"Sora no Iro, Mizu no Iro Tập 1",1,"https://video.twimg.com/amplify_video/1983125630448246784/pl/Dj2GNIRJfYznNFJ-.m3u8"
"Imouto Bitch ni Shiboraretai Tập 2",1,"https://video.twimg.com/amplify_video/1983027343753949184/pl/jOLh0be1kard7k95.m3u8"
"Chizuru-chan Kaihatsu Nikki Tập 4",1,"https://video.twimg.com/amplify_video/1983031892393029632/pl/rFZju_G3bRGUkSRj.m3u8"
"Roshutsu-kei Mahou Joshidaisei Crystear Tập 2",1,"https://video.twimg.com/amplify_video/1983025151974268928/pl/uNwyD7fQqi1oVP69.m3u8"
"Chizuru-chan Kaihatsu Nikki Tập 3",1,"https://video.twimg.com/amplify_video/1983033341785042944/pl/RiL6TRWQQYHqUo_6.m3u8"
"Sora no Iro, Mizu no Iro Tập 2",1,"https://video.twimg.com/amplify_video/1983049802276311040/pl/VFHBx3enX81tgKjY.m3u8"
"Shin Sei Yariman Gakuen Enkou Nikki The Animation Tập 1",1,"https://video.twimg.com/amplify_video/1983047245013364736/pl/Lp8EOnC8qvN4z3cR.m3u8"
"Roshutsu-kei Mahou Joshidaisei Crystear Tập 1",1,"https://video.twimg.com/amplify_video/1983026487046373376/pl/6SisCWZiH-EoQYHV.m3u8"
"Dark Blue Tập 1",1,"https://video.twimg.com/amplify_video/1983045885949857792/pl/qSf6kgfhjekEYuYE.m3u8"
"Dark Blue Tập 2",1,"https://video.twimg.com/amplify_video/1983034674621394944/pl/Qc0mIU1rBgOiX6kW.m3u8"
"Yari Agari Tập 1",1,"https://video.twimg.com/amplify_video/1983026965763256320/pl/p_hFRoDTqxvE2Ord.m3u8"
"Chizuru-chan Kaihatsu Nikki Tập 6",1,"https://video.twimg.com/amplify_video/1983030601612775424/pl/rZ0BGrVgUiQIQGeT.m3u8"
"Katainaka ni Totsui de Kita Russia Musume to H Shimakuru Ohanashi Tập 2",1,"https://video.twimg.com/amplify_video/1983054218714816512/pl/_D35K8cHLuE2aedp.m3u8"
"Oide yo! Mizuryuu Kei Land Tập 2",1,"https://video.twimg.com/amplify_video/1983055332306735104/pl/fOZ3j7B1OHw-SMU1.m3u8"
"Succubus Yondara Gibo ga Kita!? Tập 2",1,"https://video.twimg.com/amplify_video/1983057587831472128/pl/F8_VIIJKsNGvOwja.m3u8"
"Korashime 2: Kyouikuteki Depaga Shidou Tập 2",1,"https://video.twimg.com/amplify_video/1983059330803855360/pl/C_uDGgHlw5KYguNF.m3u8"
"Seika Jogakuin Kounin Sao Ojisan Tập 4",1,"https://video.twimg.com/amplify_video/1983056849780740096/pl/6zED-NXIdPumg10p.m3u8"
"Korashime 2: Kyouikuteki Depaga Shidou Tập 1",1,"https://video.twimg.com/amplify_video/1983059245030588416/pl/fLjXGjSZp3ygw-0-.m3u8"
"Boku ni Sefure ga Dekita Riyuu Tập 1",1,"https://video.twimg.com/amplify_video/1983056819351150592/pl/jKJE-0-IADaxSN9K.m3u8"
"Seitokaichou Hikaru Tập 1",1,"https://video.twimg.com/amplify_video/1983061999991885824/pl/5IoME4sJnKR_4Jdx.m3u8"
"Seika Jogakuin Kounin Sao Ojisan Tập 3",1,"https://video.twimg.com/amplify_video/1983056902893277184/pl/6eEjb8FTjAWSRoiY.m3u8"
"Chichiiro Toiki Tập 1",1,"https://video.twimg.com/amplify_video/1983059036778938368/pl/uVCSvBkbo9xryd_7.m3u8"
"Koutetsu no Majo Annerose Tập 4",1,"https://video.twimg.com/amplify_video/1983060903248433152/pl/8kAlL9Ew-PXB82GQ.m3u8"
"Katainaka ni Totsui de Kita Russia Musume to H Shimakuru Ohanashi Tập 4",1,"https://video.twimg.com/amplify_video/1983053735778570240/pl/m-SvtfLmUcIWczhR.m3u8"
"Chichiiro Toiki Tập 2",1,"https://video.twimg.com/amplify_video/1983058464688521216/pl/2pT8jv6wlOyiE9p7.m3u8"
"Kyonyuu Princess Saimin Tập 1",1,"https://video.twimg.com/amplify_video/1983056107191898112/pl/sWFi5CQYJbkwo05G.m3u8"
"Boku ni Sefure ga Dekita Riyuu Tập 3",1,"https://video.twimg.com/amplify_video/1983056188754305024/pl/XGzq3EUEuQ1b7gsP.m3u8"
"Seika Jogakuin Kounin Sao Ojisan Tập 2",1,"https://video.twimg.com/amplify_video/1983057399767306240/pl/fFfVkJc4UA5If5U8.m3u8"
"Boku ni Sefure ga Dekita Riyuu Tập 2",1,"https://video.twimg.com/amplify_video/1983056763826974721/pl/MvVRGgJGkWdANcNp.m3u8"
"Mahou Shoujo Elena Tập 2",1,"https://video.twimg.com/amplify_video/1983060257963126784/pl/Z0xryE2p0bjice8k.m3u8"
"Iinchou wa Saimin Appli o Shinjiteru. Tập 1",1,"https://video.twimg.com/amplify_video/1983055426238173184/pl/vpkrQJ4gQ4Z_hvJi.m3u8"
"Kyonyuu Princess Saimin Tập 2",1,"https://video.twimg.com/amplify_video/1983056061260001280/pl/XA2LeOwy15a1SssF.m3u8"
"Seika Jogakuin Kounin Sao Ojisan Tập 1",1,"https://video.twimg.com/amplify_video/1983057452380622848/pl/l5yiAPbRW1sdgwEo.m3u8"
"Mahou Shoujo Elena Tập 1",1,"https://video.twimg.com/amplify_video/1983060863436152832/pl/KLJwykI3t4Hn4yuw.m3u8"
"Boku ni Sefure ga Dekita Riyuu Tập 4",1,"https://video.twimg.com/amplify_video/1983056127014154240/pl/J8wDfyRgIFJpIQE8.m3u8"
"Nerawareta Megami Tenshi Angeltia Tập 4",1,"https://video.twimg.com/amplify_video/1983062184604180480/pl/upthHF6wwHIyOafT.m3u8"
"Hime-sama Love Life! Tập 3",1,"https://video.twimg.com/amplify_video/1983050662708654081/pl/JwwTlduhiVAEOtTP.m3u8"
"Koutetsu no Majo Annerose Tập 3",1,"https://video.twimg.com/amplify_video/1983061276449288192/pl/MQSJrGYFKesjY0RH.m3u8"
"Hime-sama Love Life! Tập 1",1,"https://video.twimg.com/amplify_video/1983053584540270592/pl/sCVafYRH9KxC6CIR.m3u8"
"Mahou Shoujo Elena Tập 3",1,"https://video.twimg.com/amplify_video/1983059904337248256/pl/MP1rAYmfZC6gXhue.m3u8"
"Koutetsu no Majo Annerose Tập 1",1,"https://video.twimg.com/amplify_video/1983061803799080960/pl/LIVFgaZIRYZnnsdX.m3u8"
"Koutetsu no Majo Annerose Tập 2",1,"https://video.twimg.com/amplify_video/1983061589017137154/pl/YbIDM8KKu6mjYdoO.m3u8"
"Hime-sama Love Life! Tập 2",1,"https://video.twimg.com/amplify_video/1983052285967032320/pl/WpBP1X-LmyjqtFcM.m3u8"
"Succubus Yondara Gibo ga Kita!? Tập 1",1,"https://video.twimg.com/amplify_video/1983057484173443072/pl/PJoyAuWM_-GuFIej.m3u8"
"Jitaku Keibiin 2 Tập 3",1,"https://video.twimg.com/amplify_video/1983068192256802817/pl/cxUT2st8HET5redB.m3u8"
"Isekai Kita node Sukebe Skill de Zenryoku Ouka Shiyou to Omou The Animation Tập 2",1,"https://video.twimg.com/amplify_video/1983064394624860160/pl/KJ2WTxsbog070Lgg.m3u8"
"Nerawareta Megami Tenshi Angeltia Tập 3",1,"https://video.twimg.com/amplify_video/1983063018473742336/pl/Hxo1olo9clrxK-QH.m3u8"
"Nerawareta Megami Tenshi Angeltia Tập 1",1,"https://video.twimg.com/amplify_video/1983063056402784256/pl/ZPndFpq0UTerrjI0.m3u8"
"Chii-chan Kaihatsu Nikki Tập 1",1,"https://video.twimg.com/amplify_video/1983069798050213888/pl/j45ldvW7Lm7_X8tH.m3u8"
"Megane no Megami Tập 2",1,"https://video.twimg.com/amplify_video/1983066480087281665/pl/i8UwQlzbmbun9urL.m3u8"
"Jitaku Keibiin 2 Tập 6",1,"https://video.twimg.com/amplify_video/1983067512481722368/pl/WgwftevqUf5Y8btY.m3u8"
"Megane no Megami Tập 1",1,"https://video.twimg.com/amplify_video/1983066757444038656/pl/lSJ7b7x4K50CN4eE.m3u8"
"Nerawareta Megami Tenshi Angeltia Tập 2",1,"https://video.twimg.com/amplify_video/1983063049717030912/pl/6aYMI4oC45ZRYONt.m3u8"
"Jitaku Keibiin (2019) Tập 2",1,"https://video.twimg.com/amplify_video/1983068939174256640/pl/xg39rQXb4o-9ZdrS.m3u8"
"Mako-chan Kaihatsu Nikki Tập 1",1,"https://video.twimg.com/amplify_video/1983066303851036672/pl/QTCMosqiZc4P-qra.m3u8"
"Jitaku Keibiin (2019) Tập 1",1,"https://video.twimg.com/amplify_video/1983069126626062336/pl/_tKX6vax5ixgnfag.m3u8"
"Jitaku Keibiin 2 Tập 1",1,"https://video.twimg.com/amplify_video/1983068439653556224/pl/Iei0WNvapBTeU65b.m3u8"
"Eroriman 2 Tập 2",1,"https://video.twimg.com/amplify_video/1983069375851544576/pl/MDKecEZz4p1TPdW3.m3u8"
"Jitaku Keibiin 2 Tập 4",1,"https://video.twimg.com/amplify_video/1983067835241775104/pl/YcdYFoV9F5JOvmxN.m3u8"
"Isekai Kita node Sukebe Skill de Zenryoku Ouka Shiyou to Omou The Animation Tập 1",1,"https://video.twimg.com/amplify_video/1983063471974752256/pl/GzQzhs-KoH05cm08.m3u8"
"Mako-chan Kaihatsu Nikki Tập 3",1,"https://video.twimg.com/amplify_video/1983065732989542400/pl/BSbGHezA4SepvIUn.m3u8"
"Jitaku Keibiin 2 Tập 5",1,"https://video.twimg.com/amplify_video/1983067759794634752/pl/p-Ex91eYcCHGa_B3.m3u8"
"Mako-chan Kaihatsu Nikki Tập 4",1,"https://video.twimg.com/amplify_video/1983065222244909056/pl/SaeuWsBA1j8eCAgP.m3u8"
"Jitaku Keibiin 2 Tập 8",1,"https://video.twimg.com/amplify_video/1983066943851503616/pl/REmfbWSbBgJp2owu.m3u8"
"Chii-chan Kaihatsu Nikki Tập 2",1,"https://video.twimg.com/amplify_video/1983069647663452160/pl/d_ebJ7jSRYr3Hiw_.m3u8"
"Mesu Kyoushi 4: Kegasareta Kyoudan Tập 4",1,"https://video.twimg.com/amplify_video/1983072705416183808/pl/AbghhrapY07nCZde.m3u8"
"Jitaku Keibiin 2 Tập 7",1,"https://video.twimg.com/amplify_video/1983067437797965824/pl/ZznIjOMmG42uY_lV.m3u8"
"Jitaku Keibiin (2019) Tập 4",1,"https://video.twimg.com/amplify_video/1983068633073963008/pl/Gbqf6Uy8ZPDoeJPl.m3u8"
"Jitaku Keibiin 2 Tập 2",1,"https://video.twimg.com/amplify_video/1983068236665987072/pl/DBJaYtcVA0THTtmN.m3u8"
"Mesu Kyoushi 4: Kegasareta Kyoudan Tập 3",1,"https://video.twimg.com/amplify_video/1983071850742632449/pl/7M8wG5_zm9zDWKsv.m3u8"
"Mako-chan Kaihatsu Nikki Tập 2",1,"https://video.twimg.com/amplify_video/1983065901571174400/pl/mGZh0i9i7FEbY6vM.m3u8"
"Eroriman 2 Tập 1",1,"https://video.twimg.com/amplify_video/1983069678076411904/pl/edXuZ-JBUu_1VKGS.m3u8"
"Anoko to Iikoto Tập 2",1,"https://video.twimg.com/amplify_video/1983070168726036480/pl/8fBEiji_DM6CndZe.m3u8"
"Jitaku Keibiin (2019) Tập 3",1,"https://video.twimg.com/amplify_video/1983068919976898561/pl/DyOY5hgprh-GhM0j.m3u8"
"Kazoku: Haha to Shimai no Kyousei Tập 3",1,"https://video.twimg.com/amplify_video/1983076887854223360/pl/xv7Zdh7XVm5FZPxu.m3u8"
"Baka na Imouto wo Rikou ni Suru no wa Ore no xx dake na Ken ni Tsuite Tập 3",1,"https://video.twimg.com/amplify_video/1983126185606287360/pl/ySqh-DfWSSBKFVbM.m3u8"
"Nikuyome: Takayanagi Ke no Hitobito Tập 4",1,"https://video.twimg.com/amplify_video/1983129505376985088/pl/kh1hg-9L8SH_gaFs.m3u8"
"Mesu Kyoushi 4: Kegasareta Kyoudan Tập 2",1,"https://video.twimg.com/amplify_video/1983073607631675392/pl/5CpuJy0M3-KZgV_k.m3u8"
"Mesu Kyoushi 4: Kegasareta Kyoudan Tập 5",1,"https://video.twimg.com/amplify_video/1983071399175503872/pl/3oERH8Akq2UIfl4m.m3u8"
"Kanpeki Ojousama no Watakushi Tập 3",1,"https://video.twimg.com/amplify_video/1983074561915506688/pl/vzmo4lz696fXKyZ6.m3u8"
"Starless: 21st Century Nymphomaniacs Tập 3",1,"https://video.twimg.com/amplify_video/1983075558448676864/pl/b49emrR8pdNzhA6k.m3u8"
"Toilet no Hanako-san vs Kukkyou Taimashi Tập 2",1,"https://video.twimg.com/amplify_video/1983071039295770624/pl/jvlDhbsJ9CjthIFn.m3u8"
"Kanpeki Ojousama no Watakushi Tập 2",1,"https://video.twimg.com/amplify_video/1983074597034487808/pl/IpYj7FlZFzxfmz58.m3u8"
"Toilet no Hanako-san vs Kukkyou Taimashi Tập 1",1,"https://video.twimg.com/amplify_video/1983071205033738240/pl/6rYXXjtUo_fNl9iW.m3u8"
"Kazoku: Haha to Shimai no Kyousei Tập 2",1,"https://video.twimg.com/amplify_video/1983077489778802688/pl/hTfV5eEdB94HM6jD.m3u8"
"Kanpeki Ojousama no Watakushi Tập 1",1,"https://video.twimg.com/amplify_video/1983074632249827328/pl/lMEaQf_vQZ0KJbAS.m3u8"
"Toilet no Hanako-san vs Kukkyou Taimashi Tập 4",1,"https://video.twimg.com/amplify_video/1983070375572283392/pl/bt_BDCR6kh8_a2H4.m3u8"
"Starless: 21st Century Nymphomaniacs Tập 1",1,"https://video.twimg.com/amplify_video/1983075816880603136/pl/e8hygOgjRCAzYlPb.m3u8"
"Toilet no Hanako-san vs Kukkyou Taimashi Tập 3",1,"https://video.twimg.com/amplify_video/1983070504849195008/pl/sRtWqdO6GkwvfMyu.m3u8"
"Kami-machi Sana-chan The Animation Tập 1",1,"https://video.twimg.com/amplify_video/1983078948104744960/pl/rdw3pRKqeMF01NA7.m3u8"
"Starless: 21st Century Nymphomaniacs Tập 2",1,"https://video.twimg.com/amplify_video/1983075804897542144/pl/CQG21ieT_Ezl2RL_.m3u8"
"Baka na Imouto wo Rikou ni Suru no wa Ore no xx dake na Ken ni Tsuite Tập 4",1,"https://video.twimg.com/amplify_video/1983126185191034880/pl/JZ7Uk326IKcSy1ro.m3u8"
"Sleepless: A Midsummer Night&#8217;s Dream &#8211; The Animation Tập 1",1,"https://video.twimg.com/amplify_video/1983076461356445696/pl/II6FWEjQCmtz0kl9.m3u8"
"Aneki My Sweet Elder Sister The Animation Tập 1",1,"https://video.twimg.com/amplify_video/1983127548163772416/pl/aJ_Oif9JyhQNj5SP.m3u8"
"Mesu Kyoushi 4: Kegasareta Kyoudan Tập 1",1,"https://video.twimg.com/amplify_video/1983073449510682624/pl/q1qqMlYYkKV1ct8e.m3u8"
"Kanpeki Ojousama no Watakushi Tập 4",1,"https://video.twimg.com/amplify_video/1983073699319205888/pl/3SfkZaQG6URZGyoW.m3u8"
"Kazoku: Haha to Shimai no Kyousei Tập 1",1,"https://video.twimg.com/amplify_video/1983076965490802688/pl/XGoEHvFTMAZGyK7_.m3u8"
"Kazoku: Haha to Shimai no Kyousei Tập 4",1,"https://video.twimg.com/amplify_video/1983076780538822656/pl/YN4KlVqJxv07PU0e.m3u8"
"Aneki My Sweet Elder Sister The Animation Tập 2",1,"https://video.twimg.com/amplify_video/1983127480480206848/pl/L97u4WnAHuOriL24.m3u8"
"Aneki My Sweet Elder Sister The Animation Tập 3",1,"https://video.twimg.com/amplify_video/1983127377765928962/pl/e3QXY8pmdJJ3Ck8O.m3u8"
"Sleepless: A Midsummer Night&#8217;s Dream &#8211; The Animation Tập 2",1,"https://video.twimg.com/amplify_video/1983076082917011458/pl/giA4OZZxaM7zN1AY.m3u8"
"Starless: 21st Century Nymphomaniacs Tập 4",1,"https://video.twimg.com/amplify_video/1983074998139965440/pl/V_IVv1pJOR39if0S.m3u8"
"Mesu Kyoushi 4: Kegasareta Kyoudan Tập 6",1,"https://video.twimg.com/amplify_video/1983071346629230592/pl/X2PkSK5GnJR_crnA.m3u8"
"Anoko to Iikoto Tập 1",1,"https://video.twimg.com/amplify_video/1983070482917216256/pl/YxcWE9fpOwax-4Bs.m3u8"
"Isekai Harem Monogatari Tập 4",1,"https://video.twimg.com/amplify_video/1983133176282202112/pl/Eg-wli8vsmSGKvaC.m3u8"
"Himawari wa Yoru ni Saku Tập 1",1,"https://video.twimg.com/amplify_video/1983354770963267584/pl/SSr2zShuwvGvb350.m3u8"
"Nozoki Kanojo Tập 2",1,"https://video.twimg.com/amplify_video/1983132695849824256/pl/vWYLylCak6EicdTB.m3u8"
"Kyonyuu Onna Senshi: Dogeza Saimin Tập 2",1,"https://video.twimg.com/amplify_video/1983352693327384576/pl/m-Lby1rcfDDtTWcM.m3u8"
"White Blue Tập 3",1,"https://video.twimg.com/amplify_video/1983131395825262592/pl/aAAYUzQI_ttytFYp.m3u8"
"Tamashii Insert Tập 2",1,"https://video.twimg.com/amplify_video/1983131114915938304/pl/7wgxIH89umdoFZ5d.m3u8"
"Baka na Imouto wo Rikou ni Suru no wa Ore no xx dake na Ken ni Tsuite Tập 2",1,"https://video.twimg.com/amplify_video/1983126185992200192/pl/crG2HTzhq9bV9F5G.m3u8"
"Ero Ishi: Seijun Bishoujo wo Kotoba Takumi ni Hametai Houdai Tập 3",1,"https://video.twimg.com/amplify_video/1983351518267940864/pl/tTp_0o4XlRYkbG9X.m3u8"
"Isekai Harem Monogatari Tập 3",1,"https://video.twimg.com/amplify_video/1983133957370589184/pl/fF0jGW4Afp6F6QWn.m3u8"
"Aneki My Sweet Elder Sister The Animation Tập 4",1,"https://video.twimg.com/amplify_video/1983127374670548992/pl/1G0uNdshaTiNmnXB.m3u8"
"Ero Ishi: Seijun Bishoujo wo Kotoba Takumi ni Hametai Houdai Tập 1",1,"https://video.twimg.com/amplify_video/1983349601319911424/pl/D4oi7o0T584bnNlt.m3u8"
"Nozoki Kanojo Tập 4",1,"https://video.twimg.com/amplify_video/1983132291258793984/pl/Vx85FEQRZu9eVgo8.m3u8"
"Isekai Harem Monogatari Tập 2",1,"https://video.twimg.com/amplify_video/1983134152334426113/pl/PEmwlxzWtjQgFvTP.m3u8"
"Baka na Imouto wo Rikou ni Suru no wa Ore no xx dake na Ken ni Tsuite Tập 1",1,"https://video.twimg.com/amplify_video/1983126350509531136/pl/SoxUGmv4HM0C4ItM.m3u8"
"Ero Ishi: Seijun Bishoujo wo Kotoba Takumi ni Hametai Houdai Tập 2",1,"https://video.twimg.com/amplify_video/1983349601751977984/pl/Ko3_QjR0wgbBuMUK.m3u8"
"Nikuyome: Takayanagi Ke no Hitobito Tập 3",1,"https://video.twimg.com/amplify_video/1983129661816152065/pl/RWBFQuzA4m8ghYvf.m3u8"
"Ero Ishi: Seijun Bishoujo wo Kotoba Takumi ni Hametai Houdai Tập 4",1,"https://video.twimg.com/amplify_video/1983351033393803264/pl/ZdMKW9R83Fbpxqed.m3u8"
"Yamitsuki Mura: Melty Limit The Animation Tập 1",1,"https://video.twimg.com/amplify_video/1983349600946651136/pl/l3aIfapFepY70zjV.m3u8"
"Nikuyome: Takayanagi Ke no Hitobito Tập 1",1,"https://video.twimg.com/amplify_video/1983129957158076416/pl/hnhA_TNSHL44AJRF.m3u8"
"Inkou Kyoushi no Saimin Seikatsu Shidouroku Tập 2",1,"https://video.twimg.com/amplify_video/1983352139003965440/pl/618LAxq2KbxUp7s9.m3u8"
"Tamashii Insert Tập 1",1,"https://video.twimg.com/amplify_video/1983130874582294528/pl/zmkqkQd9_4yKxZ6R.m3u8"
"Inkou Kyoushi no Saimin Seikatsu Shidouroku Tập 1",1,"https://video.twimg.com/amplify_video/1983351779946377216/pl/v7DcCjIHlvT0zHXi.m3u8"
"White Blue Tập 2",1,"https://video.twimg.com/amplify_video/1983131719256477696/pl/eWnD2cgd0OMwuoYa.m3u8"
"Yamitsuki Mura: Melty Limit The Animation Tập 2",1,"https://video.twimg.com/amplify_video/1983349600917278720/pl/R1V9s9WUuuYwgfdA.m3u8"
"White Blue Tập 4",1,"https://video.twimg.com/amplify_video/1983131210592190464/pl/bqQRODY1C1uYHRWx.m3u8"
"White Blue Tập 1",1,"https://video.twimg.com/amplify_video/1983132256316141568/pl/pLuHct5m4EhiDv69.m3u8"
"Kyonyuu Onna Senshi: Dogeza Saimin Tập 1",1,"https://video.twimg.com/amplify_video/1983352528235356160/pl/esgJPel5aotE6gK1.m3u8"
"Nozoki Kanojo Tập 3",1,"https://video.twimg.com/amplify_video/1983132417721249793/pl/pruy8bTaM8WivNbA.m3u8"
"Nozoki Kanojo Tập 1",1,"https://video.twimg.com/amplify_video/1983133461998080000/pl/TH5acW0Kc1_GSbBT.m3u8"
"Nikuyome: Takayanagi Ke no Hitobito Tập 2",1,"https://video.twimg.com/amplify_video/1983129843085492225/pl/7Eb8FWkMVw7Epsmu.m3u8"
"Chiisana Tsubomi no Sono Oku ni Tập 2",1,"https://video.twimg.com/amplify_video/1983352738361597952/pl/EKqUbvy2B2p8fCtR.m3u8"
"Akane wa Tsumare Somerareru Tập 1",1,"https://video.twimg.com/amplify_video/1983356186809298944/pl/5bU4mZYc2MWcwzDx.m3u8"
"Kyonyuu Elf Oyako Saimin Tập 2",1,"https://video.twimg.com/amplify_video/1983355486654058496/pl/iCQGeZnsWzYBllLx.m3u8"
"Isekai Harem Monogatari Tập 1",1,"https://video.twimg.com/amplify_video/1983355387542679552/pl/i9lyM0ls1hJeBK1n.m3u8"
"Haji+ Shinchishin Tập 1",1,"https://video.twimg.com/amplify_video/1983354217847799809/pl/O5NUVNsG9p7bMvlD.m3u8"
"Imaizumin Chi wa Douyara Gal no Tamariba ni Natteru Rashii Tập 1",1,"https://video.twimg.com/amplify_video/1983362501380067328/pl/r3XI4iiRh9DJXyEG.m3u8"
"Haji+ Shinchishin Tập 2",1,"https://video.twimg.com/amplify_video/1983354650184032256/pl/qFg8vyKnkuUnKf4r.m3u8"
"Delivery Chinko o Tanomitai Onee-san Tập 1",1,"https://video.twimg.com/amplify_video/1983353668737855489/pl/kz3GpbhlEmryBFt4.m3u8"
"Chiisana Tsubomi no Sono Oku ni Tập 1",1,"https://video.twimg.com/amplify_video/1983352736696373248/pl/mF4eY0vA1Lg3jE-R.m3u8"
"Kitsune Musume no Ecchi na Oyado Tập 1",1,"https://video.twimg.com/amplify_video/1983354875007188992/pl/7BTkJxJLw5Ji_90E.m3u8"
"Tsugunai Tập 1",1,"https://video.twimg.com/amplify_video/1983355301286772736/pl/_Gl6JbEBA7QsHMGZ.m3u8"
"Sakusei Byoutou The Animation Tập 2",1,"https://video.twimg.com/amplify_video/1983357095505174529/pl/hNO9hgqigNOYah4t.m3u8"
"Chiisana Tsubomi no Sono Oku ni Tập 3",1,"https://video.twimg.com/amplify_video/1983353172530765824/pl/DxSti76ecSz4l5Ii.m3u8"
"Ajisai no Chiru Koro ni Tập 1",1,"https://video.twimg.com/amplify_video/1983354258389950464/pl/JI-uCOjyBqca_Jhd.m3u8"
"Sakusei Byoutou The Animation Tập 1",1,"https://video.twimg.com/amplify_video/1983357054065471488/pl/Sh1WtjnIoMJR_JYB.m3u8"
"Sakusei Byoutou The Animation Tập 3",1,"https://video.twimg.com/amplify_video/1983358387313360896/pl/Ctdfox_8jJn6gWed.m3u8"
"Akane wa Tsumare Somerareru Tập 2",1,"https://video.twimg.com/amplify_video/1983356322876637184/pl/KOhWbstw6L49YqJN.m3u8"
"Papa Katsu! Tập 2",1,"https://video.twimg.com/amplify_video/1983363978404188160/pl/vkjmHkqkuLRt4NKZ.m3u8"
"Lovely Heart Tập 2",1,"https://video.twimg.com/amplify_video/1983356477327716352/pl/Z5pwocBCUQ6rwAJS.m3u8"
"Taimanin Shiranui: Inyoku no Dorei Shoufu Tập 1",1,"https://video.twimg.com/amplify_video/1983358566007218176/pl/r0u0zcFuMXRGanJA.m3u8"
"Real Eroge Situation! 2 The Animation Tập 1",1,"https://video.twimg.com/amplify_video/1983356873668452352/pl/MwWz0QvygKvJ26Fj.m3u8"
"Imaizumin Chi wa Douyara Gal no Tamariba ni Natteru Rashii Tập 2",1,"https://video.twimg.com/amplify_video/1983363086665875456/pl/p4ZENU0MYD8GxO24.m3u8"
"Eroge de Subete wa Kaiketsu Dekiru! The Animation Tập 2",1,"https://video.twimg.com/amplify_video/1983353761562087424/pl/h5mI4oybZDhQUEDm.m3u8"
"Chiisana Tsubomi no Sono Oku ni Tập 4",1,"https://video.twimg.com/amplify_video/1983353353938653184/pl/sJOkE1yg5tCw53tJ.m3u8"
"Kitsune Musume no Ecchi na Oyado Tập 2",1,"https://video.twimg.com/amplify_video/1983354902244941824/pl/W55Z2EBUTu5uGj0j.m3u8"
"Tsugunai Tập 2",1,"https://video.twimg.com/amplify_video/1983355431390003200/pl/l0-HOJ8PCGrPIssG.m3u8"
"Boku to Nurse no Kenshuu Nisshi The Animation Tập 1",1,"https://video.twimg.com/amplify_video/1983359022611808256/pl/5g07NiGIhPCuHuk9.m3u8"
"Lovely Heart Tập 1",1,"https://video.twimg.com/amplify_video/1983356367311192064/pl/8v8th-ZStaFXt4VX.m3u8"
"Real Eroge Situation! 2 The Animation Tập 2",1,"https://video.twimg.com/amplify_video/1983357023023423488/pl/19fXvu41fAPvTADi.m3u8"
"Itadaki! Seieki Tập 1",1,"https://video.twimg.com/amplify_video/1983369622247145472/pl/Bqbuw-_Hlmads9EP.m3u8"
"Kaede to Suzu The Animation Tập 2",1,"https://video.twimg.com/amplify_video/1983360675264053248/pl/HnRnS7l8NcnyqwkK.m3u8"
"Anata wa Watashi no Mono Tập 2",1,"https://video.twimg.com/amplify_video/1983378130887757824/pl/8ccDcf6ALV1isVLo.m3u8"
"Subarashiki Kokka no Kizukikata Tập 2",1,"https://video.twimg.com/amplify_video/1983367737838612480/pl/dcN1AtPh6w2A-uKN.m3u8"
"Euphoria Tập 6",1,"https://video.twimg.com/amplify_video/1983369197284450304/pl/ffDGZ8mJiOf9E7BW.m3u8"
"Nee Summer! Tập 1",1,"https://video.twimg.com/amplify_video/1983365992127340544/pl/9TbVYgco7OMWYu7f.m3u8"
"Koakuma Kanojo The Animation Tập 1",1,"https://video.twimg.com/amplify_video/1983365857255239680/pl/v0rRQiKx4Brzjjkl.m3u8"
"Kaede to Suzu The Animation Tập 1",1,"https://video.twimg.com/amplify_video/1983360160136355840/pl/IZsaHwHhMHIclKfO.m3u8"
"Anehame: Ore no Hatsukoi ga Jisshi na Wake ga Nai Tập 2",1,"https://video.twimg.com/amplify_video/1983370380145209344/pl/2hI7_U4pGoZBBB71.m3u8"
"Eroriman Tập 1",1,"https://video.twimg.com/amplify_video/1983364007835668480/pl/EbkdWAWGV-Yg9dvY.m3u8"
"Euphoria Tập 4",1,"https://video.twimg.com/amplify_video/1983368331286462465/pl/drfVyDsepUvmuXO9.m3u8"
"Euphoria Tập 3",1,"https://video.twimg.com/amplify_video/1983368175744913408/pl/3fQOyCJ9681HiDRO.m3u8"
"Isekai Yarisaa Tập 1",1,"https://video.twimg.com/amplify_video/1983361104475492352/pl/D-9KUYiHXlPHSg8C.m3u8"
"Subarashiki Kokka no Kizukikata Tập 1",1,"https://video.twimg.com/amplify_video/1983367597509734400/pl/qAuADrsKbHvEi_-m.m3u8"
"Euphoria Tập 2",1,"https://video.twimg.com/amplify_video/1983367885289295872/pl/N0qbwoQwIRQAiX7d.m3u8"
"Koakuma Kanojo The Animation Tập 2",1,"https://video.twimg.com/amplify_video/1983366966476750848/pl/hYpjmQXMrt7Z-KLq.m3u8"
"Anata wa Watashi no Mono Tập 1",1,"https://video.twimg.com/amplify_video/1983360468342210562/pl/nGRH1EjyHRudl710.m3u8"
"Eroge de Subete wa Kaiketsu Dekiru! The Animation Tập 1",1,"https://video.twimg.com/amplify_video/1983370351129112579/pl/k4HYcFBXiOhSMBEF.m3u8"
"Mama x Holic: Miwaku no Mama to Amaama Kankei &#8211; The Animation Tập 2",1,"https://video.twimg.com/amplify_video/1983371029553508353/pl/lXfKe9xLqaZ9x-EQ.m3u8"
"Itadaki! Seieki Special Tập 1",1,"https://video.twimg.com/amplify_video/1983369390247616512/pl/bT6n-3BGTAGJ5aqO.m3u8"
"Soshite Watashi wa Sensei ni Tập 1",1,"https://video.twimg.com/amplify_video/1983369625392807936/pl/fYV9vImfrmFy5x3y.m3u8"
"Anehame: Ore no Hatsukoi ga Jisshi na Wake ga Nai Tập 1",1,"https://video.twimg.com/amplify_video/1983370312356888576/pl/lb0nUngmuFMQXZJ3.m3u8"
"Euphoria Tập 1",1,"https://video.twimg.com/amplify_video/1983367788635832320/pl/thbZ0Ki5SjkfPxvF.m3u8"
"Soshite Watashi wa Sensei ni Tập 2",1,"https://video.twimg.com/amplify_video/1983370047620796417/pl/UMwhH1jcvD-jL7p_.m3u8"
"Isekai Yarisaa Tập 2",1,"https://video.twimg.com/amplify_video/1983362324393058304/pl/2KM2Ds_fpLK1mkml.m3u8"
"Eroriman Tập 2",1,"https://video.twimg.com/amplify_video/1983364817055326208/pl/01l4BGmguCDYyoI8.m3u8"
"Honoo no Haramase Tenkousei Tập 3",1,"https://video.twimg.com/amplify_video/1983365492434780160/pl/XhK5nWdAoxJL1iZu.m3u8"
"Mama x Holic: Miwaku no Mama to Amaama Kankei &#8211; The Animation Tập 1",1,"https://video.twimg.com/amplify_video/1983370796975153152/pl/WfBzi4pHz3eyxmPw.m3u8"
"Euphoria Tập 5",1,"https://video.twimg.com/amplify_video/1983368899413348352/pl/IN3bA3Nxrj3B_sx9.m3u8"
"Nee Summer! Tập 2",1,"https://video.twimg.com/amplify_video/1983367269079003136/pl/jFk8buwZ-RjGMzwy.m3u8"
"Netokano Tập 1",1,"https://video.twimg.com/amplify_video/1983368943717769216/pl/rY2NQEFCAKhImQe6.m3u8"
"Honoo no Haramase Tenkousei Tập 2",1,"https://video.twimg.com/amplify_video/1983371284982423552/pl/_iTeezyJlwVIk4B_.m3u8"
"Ane to Boin Tập 1",1,"https://video.twimg.com/amplify_video/1983378800277676032/pl/GqUy3PK9QRWwean6.m3u8"
"Kyonyuu Elf Oyako Saimin Tập 1",1,"https://video.twimg.com/amplify_video/1983370955310112768/pl/rDF9F4n78zMnkzsY.m3u8"
"Ane to Boin Tập 2",1,"https://video.twimg.com/amplify_video/1983378799874998272/pl/djKgY5h8aKLCV0Iy.m3u8"
"Soikano: Gyutto Dakishimete Tập 1",1,"https://video.twimg.com/amplify_video/1983378799791067136/pl/Oa19dDmvErvslaD5.m3u8"
"Miboujin Nikki: Akogare no Ano Hito to Hitotsu Yane no Shita Tập 1",1,"https://video.twimg.com/amplify_video/1983378799270998016/pl/M5qj25nFR8necLZd.m3u8"
"Resort Boin Tập 1",1,"https://video.twimg.com/amplify_video/1983409431875362816/pl/TrSsXPqoyGRVMaUG.m3u8"
"Boku to Joi no Shinsatsu Nisshi The Animation Tập 1",1,"https://video.twimg.com/amplify_video/1983371481934348288/pl/oHjPse1dOC4iilPC.m3u8"
"Resort Boin Tập 2",1,"https://video.twimg.com/amplify_video/1983384079509655553/pl/M2hRp6gj_gbxnWPr.m3u8"
"Resort Boin Tập 3",1,"https://video.twimg.com/amplify_video/1983383751481495552/pl/aaQ7GdaMj5PNhe8J.m3u8"
"Boy Meets Harem The Animation Tập 1",1,"https://video.twimg.com/amplify_video/1983383572992962561/pl/n5VZFR8DmkFVEYUI.m3u8"
"Tayu Tayu Tập 1",1,"https://video.twimg.com/amplify_video/1983382439667138560/pl/sUHb__jx7VLSPJvG.m3u8"
"Tayu Tayu Tập 2",1,"https://video.twimg.com/amplify_video/1983381756561821696/pl/NLvq_7sCy7X-zU1f.m3u8"
"Tayu Tayu Tập 3",1,"https://video.twimg.com/amplify_video/1983381326523715584/pl/qLfTaWU7NWmv5TWm.m3u8"
"Tayu Tayu Tập 4",1,"https://video.twimg.com/amplify_video/1983381258756395008/pl/oPbu-rPccP6dGDFw.m3u8"
"Iizuka-senpai x Blazer: Ane Kyun! yori The Animation Tập 1",1,"https://video.twimg.com/amplify_video/1983380481728217088/pl/478whm6wPPqOne6S.m3u8"
"Oppai Life Tập 1",1,"https://video.twimg.com/amplify_video/1983388932487213056/pl/iQPRowujb5Wk99Cg.m3u8"
"Oppai Life Tập 2",1,"https://video.twimg.com/amplify_video/1983389556335316992/pl/N3REaVL3xuF1gVoh.m3u8"
"Kateikyoushi no Oneesan The Animation: H no Hensachi Agechaimasu Tập 1",1,"https://video.twimg.com/amplify_video/1983388918864097280/pl/u67iDA-Tqp2d-aVb.m3u8"
"Kateikyoushi no Oneesan 2 The Animation: H no Hensachi Agechaimasu Tập 2",1,"https://video.twimg.com/amplify_video/1983388637308796928/pl/pJiB8UeTEIp4RO_O.m3u8"
"Furueru Kuchibiru Tập 1",1,"https://video.twimg.com/amplify_video/1983388636088274944/pl/aSFRITgbwtnTNzE7.m3u8"
"Furueru Kuchibiru Tập 2",1,"https://video.twimg.com/amplify_video/1983387883575881729/pl/lJcrfeXYcqM2F2Hp.m3u8"
"Anata no Shiranai Kangofu: Seiteki Byoutou 24 Ji Tập 1",1,"https://video.twimg.com/amplify_video/1983387119151104001/pl/e5vUWfJEcuS_XYpS.m3u8"
"Anata no Shiranai Kangofu: Seiteki Byoutou 24 Ji Tập 2",1,"https://video.twimg.com/amplify_video/1983409467799506945/pl/-uTCliTlOnlVQAw1.m3u8"
"Ane Yome Quartet Tập 1",1,"https://video.twimg.com/amplify_video/1983386213504487424/pl/qtzWwNXYDXu-Mpzx.m3u8"
"Ane Yome Quartet Tập 2",1,"https://video.twimg.com/amplify_video/1983386175873150976/pl/tRVyy-X7b__bPaO_.m3u8"
"Tsuma no Haha Sayuri Tập 1",1,"https://video.twimg.com/amplify_video/1983391982878879744/pl/4I23l5y7BM91xQEL.m3u8"
"Wagaya no Liliana-san The Animation Tập 1",1,"https://video.twimg.com/amplify_video/1983390657931509760/pl/G-RGQUgniig5mAj_.m3u8"
"Kaa-chan no Tomodachi ni Shikotteru Tokoro Mirareta Tập 1",1,"https://video.twimg.com/amplify_video/1983390663547703296/pl/zrJz7lDBAkw62NcA.m3u8"
"Kateikyoushi no Oneesan The Animation: H no Hensachi Agechaimasu Tập 2",1,"https://video.twimg.com/amplify_video/1983390630463119364/pl/Tw3coUryqHECvpYd.m3u8"
"Kateikyoushi no Oneesan 2 The Animation: H no Hensachi Agechaimasu Tập 1",1,"https://video.twimg.com/amplify_video/1983390342859665408/pl/91KnPyZKRqeU5pgC.m3u8"
"Overflow Tập 3",1,"https://video.twimg.com/amplify_video/1983390335414812672/pl/_-vU3bUSavXyHhTv.m3u8"
"Overflow Tập 4",1,"https://video.twimg.com/amplify_video/1983390327097483264/pl/ojmAnQD3cRFibjOK.m3u8"
"Overflow Tập 5",1,"https://video.twimg.com/amplify_video/1983389985618202624/pl/y6p_CKryOynKe-Ae.m3u8"
"Overflow Tập 6",1,"https://video.twimg.com/amplify_video/1983389969411444736/pl/S0cwi1SiKaFim5yC.m3u8"
"Overflow Tập 7",1,"https://video.twimg.com/amplify_video/1983389963967225856/pl/5HWHKGaThQPM7duw.m3u8"
"Overflow Tập 8",1,"https://video.twimg.com/amplify_video/1983389676833562624/pl/Cy4tvLf_hjPPbRnS.m3u8"
"Succubus Stayed Life The Animation Tập 1",1,"https://video.twimg.com/amplify_video/1983395575375540224/pl/iCAGMI_1N9Vqyr8s.m3u8"
"Rance 01: Hikari wo Motomete The Animation Tập 4",1,"https://video.twimg.com/amplify_video/1983395075921936384/pl/m44dkwMmB0nZDNtc.m3u8"
"Rance 01: Hikari wo Motomete The Animation Tập 3",1,"https://video.twimg.com/amplify_video/1983395548037042176/pl/VB3oOwEkF6M_8-to.m3u8"
"Rance 01: Hikari wo Motomete The Animation Tập 2",1,"https://video.twimg.com/amplify_video/1983394718458224642/pl/rCJnDdI-bln9SJZg.m3u8"
"Rance 01: Hikari wo Motomete The Animation Tập 1",1,"https://video.twimg.com/amplify_video/1983394430326358016/pl/-g2oA20JE27zrrV5.m3u8"
"Floating Material Tập 2",1,"https://video.twimg.com/amplify_video/1983394291989762048/pl/-Dpisi33mUGt-xiw.m3u8"
"Floating Material Tập 1",1,"https://video.twimg.com/amplify_video/1983393093786435584/pl/UG3jayqKFYf82D_Z.m3u8"
"Dainiji Ura Nyuugakushiken The Animation Tập 1",1,"https://video.twimg.com/amplify_video/1983392558622404608/pl/2na9l73_X39Ue2Mw.m3u8"
"Victorian Maid Maria no Houshi Tập 1",1,"https://video.twimg.com/amplify_video/1983397088097435648/pl/8IXccGT5FmIpUMTV.m3u8"
"Tsuma no Haha Sayuri Tập 2",1,"https://video.twimg.com/amplify_video/1983392367664340992/pl/1HVUj-PpBQWTVRkr.m3u8"
"Master Piece The Animation Tập 2",1,"https://video.twimg.com/amplify_video/1983396655337533440/pl/TlasYJQAxm9W1cHW.m3u8"
"Master Piece The Animation Tập 1",1,"https://video.twimg.com/amplify_video/1983396532528295937/pl/bt5NMh7XOwVRl3bD.m3u8"
"Rin x Sen + Ran &#8211; Sem Cross Mix Tập 2",1,"https://video.twimg.com/amplify_video/1983396464601481216/pl/EHE0K6FeGfhdA7SO.m3u8"
"Rin x Sen + Ran &#8211; Sem Cross Mix Tập 1",1,"https://video.twimg.com/amplify_video/1983396072413085696/pl/MJ5O8dc_vx4ikPlr.m3u8"
"Succubus Stayed Life The Animation Tập 2",1,"https://video.twimg.com/amplify_video/1983395750777139200/pl/GDDSVA7ScfDvVfCb.m3u8"
"Youma Shoukan e Youkoso Tập 1",1,"https://video.twimg.com/amplify_video/1983398015302852608/pl/d2cQWOGU2R0owHFN.m3u8"
"Kohakuiro no Hunter The Animation Tập 1",1,"https://video.twimg.com/amplify_video/1983397563110752256/pl/zv5DVtdJclpcDaSW.m3u8"
"Swing Out Sisters Tập 1",1,"https://video.twimg.com/amplify_video/1983397499617370112/pl/O-3d7CRii10d8Id4.m3u8"
"Mankitsu Happening Tập 3",1,"https://video.twimg.com/amplify_video/1983400413530402816/pl/qpkiBfZnpGJHjCtk.m3u8"
"Mankitsu Happening Tập 4",1,"https://video.twimg.com/amplify_video/1983400012659802112/pl/_d-BoywNCoOx5WLD.m3u8"
"Reunion Tập 1",1,"https://video.twimg.com/amplify_video/1983399864315658240/pl/NHYFqzPOyqHm-ri0.m3u8"
"Reunion Tập 2",1,""
"Sei Brunehilde Gakuen Shoujo Kishidan to Junpaku no Panty Tập 1",1,"https://video.twimg.com/amplify_video/1983398974582132736/pl/PENUTMGMxvL9z53P.m3u8"
"Uhou Renka Tập 1",1,"https://video.twimg.com/amplify_video/1983398663758958592/pl/zSw4zXuvg5obHl_o.m3u8"
"Uhou Renka Tập 2",1,""
"Overflow Tập 2",1,"https://video.twimg.com/amplify_video/1983398623502028800/pl/dLsWjCHgdznb5jTw.m3u8"
"Overflow Tập 1",1,"https://video.twimg.com/amplify_video/1983398329087102976/pl/eXbiocupssN-NoXT.m3u8"
"Youma Shoukan e Youkoso Tập 2",1,"https://video.twimg.com/amplify_video/1983397686603567104/pl/ys6FHBJ54730rihl.m3u8"
"Tropical Kiss Tập 2",1,"https://video.twimg.com/amplify_video/1983402458131861504/pl/0xXBkeFURYtYzWp9.m3u8"
"Tropical Kiss Tập 3",1,"https://video.twimg.com/amplify_video/1983402411638054912/pl/jQlzDLsdH16FnZKI.m3u8"
"Ane wa Yanmama Junyuu-chuu Tập 1",1,"https://video.twimg.com/amplify_video/1983402268121604096/pl/KfZdXWbbZZ2BIvx6.m3u8"
"Ane wa Yanmama Junyuu-chuu Tập 2",1,"https://video.twimg.com/amplify_video/1983401883701010432/pl/1C7MitTq8MWIFvqY.m3u8"
"Kimi no Mana wa Rina Witch Tập 1",1,"https://video.twimg.com/amplify_video/1983402053352165376/pl/yim-kdPxwGhMdmh3.m3u8"
"Wanna. SpartanSex Spermax!!! Tập 1",1,"https://video.twimg.com/amplify_video/1983401412911341568/pl/Q8qv4RQEeig9ZHcy.m3u8"
"Wanna. SpartanSex Spermax!!! Tập 2",1,"https://video.twimg.com/amplify_video/1983401091644399616/pl/p16VGnQiWz19s46o.m3u8"
"Mankitsu Happening Tập 1",1,"https://video.twimg.com/amplify_video/1983400706942922752/pl/dSILatTHruxOkXzb.m3u8"
"Mankitsu Happening Tập 2",1,"https://video.twimg.com/amplify_video/1983400834428727296/pl/kmMFzWd3POZB0PiW.m3u8"
"Wizard Girl Ambitious Tập 1",1,"https://video.twimg.com/amplify_video/1983404830669291521/pl/dAirbiCY5qZoimMJ.m3u8"
"Aku no Onna Kanbu: Full Moon Night R Tập 2",1,"https://video.twimg.com/amplify_video/1983404211594215424/pl/pR7aIZGIscht9oFA.m3u8"
"Aku no Onna Kanbu: Full Moon Night R Tập 1",1,"https://video.twimg.com/amplify_video/1983404209278963712/pl/mZFfEzNND-1N6Yy0.m3u8"
"Kuroinu: Kedakaki Seijo wa Hakudaku ni Somaru Tập 5",1,"https://video.twimg.com/amplify_video/1983403644390109184/pl/7dfPBIT3VKts6rzS.m3u8"
"Kuroinu: Kedakaki Seijo wa Hakudaku ni Somaru Tập 6",1,"https://video.twimg.com/amplify_video/1983403969985601536/pl/EyZWHKN9Uos9XSdZ.m3u8"
"Yakata: Kannou Kitan Tập 1",1,"https://video.twimg.com/amplify_video/1983403611800391680/pl/imGJ83bQHAs8aU4e.m3u8"
"Yakata: Kannou Kitan Tập 2",1,"https://video.twimg.com/amplify_video/1983403063374151680/pl/lM1bvnLSDS5lae8s.m3u8"
"Tropical Kiss Tập 1",1,"https://video.twimg.com/amplify_video/1983402878606667776/pl/UYcsClEaBPk6u2YV.m3u8"
"Yume Kui: Tsurumiku Shiki Game Seisaku Tập 2",1,"https://video.twimg.com/amplify_video/1983405979107512320/pl/0uyxbYw1cWupy2t8.m3u8"
"Saimin Seishidou Tập 6",1,"https://video.twimg.com/amplify_video/1983405590278746112/pl/x_nSQRnbFV7xBrrx.m3u8"
"Saimin Seishidou Tập 5",1,"https://video.twimg.com/amplify_video/1983405513548197888/pl/7K4IZwkweBK70MBC.m3u8"
"Saimin Seishidou Tập 4",1,"https://video.twimg.com/amplify_video/1983405370849579008/pl/c0G4fbrJUosJho4q.m3u8"
"Saimin Seishidou Tập 3",1,"https://video.twimg.com/amplify_video/1983404947086409728/pl/9nA0YW7K7WOMMD8n.m3u8"
"Saimin Seishidou Tập 2",1,"https://video.twimg.com/amplify_video/1983404879969169408/pl/cBy0WOoyrO65YUCG.m3u8"
"Kuroinu: Kedakaki Seijo wa Hakudaku ni Somaru Tập 3",1,"https://video.twimg.com/amplify_video/1983407951319646209/pl/eCPVh7o6Qbe0EmyG.m3u8"
"Saimin Seishidou Tập 1",1,"https://video.twimg.com/amplify_video/1983404769877069824/pl/s5Uw1rVGPn7A0Ula.m3u8"
"Kuroinu: Kedakaki Seijo wa Hakudaku ni Somaru Tập 2",1,"https://video.twimg.com/amplify_video/1983407229039497216/pl/Nuy9WJJjcuIB4n6-.m3u8"
"Kuroinu: Kedakaki Seijo wa Hakudaku ni Somaru Tập 1",1,"https://video.twimg.com/amplify_video/1983407176551944192/pl/2pWnjqiHq5iQeXzh.m3u8"
"Maki-chan to Now. Tập 4",1,"https://video.twimg.com/amplify_video/1983406975384788992/pl/uSDWwC8ZJWq_k4Ga.m3u8"
"Maki-chan to Now. Tập 3",1,"https://video.twimg.com/amplify_video/1983406848133718016/pl/pL0zypuonL72Wv72.m3u8"
"Maki-chan to Now. Tập 2",1,"https://video.twimg.com/amplify_video/1983406219755708416/pl/T_n3EWQZhs1rls8B.m3u8"
"Maki-chan to Now. Tập 1",1,"https://video.twimg.com/amplify_video/1983406120669470720/pl/dh_OAjQn6KKbhtOy.m3u8"
"Yume Kui: Tsurumiku Shiki Game Seisaku Tập 1",1,"https://video.twimg.com/amplify_video/1983405816209166336/pl/AxB1_HjmUOGshxeG.m3u8"
